<?xml version="1.0" encoding="UTF-8"?>
<project-private xmlns="http://www.netbeans.org/ns/project-private/1">
    <editor-bookmarks xmlns="http://www.netbeans.org/ns/editor-bookmarks/2" lastBookmarkId="0"/>
    <open-files xmlns="http://www.netbeans.org/ns/projectui-open-files/2">
        <group>
            <file>file:/D:/Employee%20Payroll%20System/src/employee/payroll/system/MainMenu.java</file>
            <file>file:/D:/Employee%20Payroll%20System/src/employee/payroll/system/addEmployee.java</file>
            <file>file:/D:/Employee%20Payroll%20System/src/employee/payroll/system/users.java</file>
            <file>file:/D:/Employee%20Payroll%20System/src/employee/payroll/system/Emp.java</file>
            <file>file:/D:/Employee%20Payroll%20System/src/employee/payroll/system/login.java</file>
            <file>file:/D:/Employee%20Payroll%20System/src/employee/payroll/system/searchEmpSalarySlip.java</file>
            <file>file:/D:/Employee%20Payroll%20System/src/employee/payroll/system/updateSalary.java</file>
            <file>file:/D:/Employee%20Payroll%20System/src/employee/payroll/system/searchEmployee.java</file>
            <file>file:/D:/Employee%20Payroll%20System/src/employee/payroll/system/db.java</file>
            <file>file:/D:/Employee%20Payroll%20System/src/employee/payroll/system/EmployeePayrollSystem.java</file>
            <file>file:/D:/Employee%20Payroll%20System/src/employee/payroll/system/Audit_details.java</file>
            <file>file:/D:/Employee%20Payroll%20System/src/employee/payroll/system/Allowance.java</file>
            <file>file:/D:/Employee%20Payroll%20System/src/employee/payroll/system/employeeDeductions.java</file>
        </group>
    </open-files>
</project-private>
